ti,turbine_name,rotor_diam_m,rated_power_kw,target_spacing_D,nb_distance_km,nb_direction_deg,nb_n_turbines,aep_alone_gwh,aep_with_nb_gwh,wake_loss_pct
0.06,8MW,164,8000,5,20,240,60,1158.701470497083,1127.1561594472796,2.7224709602094777
0.06,8MW,164,8000,5,15,60,60,1148.906487182472,1135.4041231752087,1.1752361186832316
0.06,8MW,164,8000,5,5,330,60,1154.6021493137496,1125.8591428629468,2.4894294946433693
0.06,8MW,164,8000,5,5,330,60,1157.1822347776583,1128.985055060219,2.436710387526564
0.06,8MW,164,8000,5,5,180,60,1161.627888053009,1113.440285908497,4.148282134072967
0.06,8MW,164,8000,5,5,0,60,1150.0610465280547,1116.8300222922844,2.8895008952865786
0.06,8MW,164,8000,5,5,30,60,1144.6935624152582,1088.453344538652,4.913124326299312
0.06,8MW,164,8000,5,5,270,60,1166.8529144675776,1116.8000800130976,4.289558164005491
0.06,8MW,164,8000,5,5,150,60,1156.3337984374432,1129.7033587600777,2.303006252463724
0.06,8MW,164,8000,5,15,270,60,1152.3379372813351,1152.3328367706272,0.0004426228229492679
